<?xml version="1.1" encoding="UTF-8" standalone="no"?>
<databaseChangeLog xmlns="http://www.liquibase.org/xml/ns/dbchangelog" xmlns:ext="http://www.liquibase.org/xml/ns/dbchangelog-ext" xmlns:pro="http://www.liquibase.org/xml/ns/pro" xmlns:xsi="http://www.w3.org/2001/XMLSchema-instance" xsi:schemaLocation="http://www.liquibase.org/xml/ns/dbchangelog-ext http://www.liquibase.org/xml/ns/dbchangelog/dbchangelog-ext.xsd http://www.liquibase.org/xml/ns/pro http://www.liquibase.org/xml/ns/pro/liquibase-pro-latest.xsd http://www.liquibase.org/xml/ns/dbchangelog http://www.liquibase.org/xml/ns/dbchangelog/dbchangelog-latest.xsd">
  
	<changeSet id="1710347025963-20" author="pallavisrivastava">
	  <preConditions onFail="MARK_RAN" >  
		  <not>
		   <columnExists tableName="status_master" columnName="alias" />
		  </not>        
      </preConditions>
	   <addColumn tableName="status_master">
	      <column name="alias" type="varchar" />
	   </addColumn>
	    <rollback>
        	<dropColumn tableName="status_master" columnName="alias"/>
       </rollback>
   </changeSet>
</databaseChangeLog>
