<?xml version="1.1" encoding="UTF-8" standalone="no"?>
<databaseChangeLog xmlns="http://www.liquibase.org/xml/ns/dbchangelog" xmlns:ext="http://www.liquibase.org/xml/ns/dbchangelog-ext" xmlns:pro="http://www.liquibase.org/xml/ns/pro" xmlns:xsi="http://www.w3.org/2001/XMLSchema-instance" xsi:schemaLocation="http://www.liquibase.org/xml/ns/dbchangelog-ext http://www.liquibase.org/xml/ns/dbchangelog/dbchangelog-ext.xsd http://www.liquibase.org/xml/ns/pro http://www.liquibase.org/xml/ns/pro/liquibase-pro-latest.xsd http://www.liquibase.org/xml/ns/dbchangelog http://www.liquibase.org/xml/ns/dbchangelog/dbchangelog-latest.xsd">
  
	<changeSet id="1710347025963-21" author="pallavisrivastava">
	  <preConditions onFail="MARK_RAN" >  
		  <not>
		   <columnExists tableName="task_type_master" columnName="active" />
		  </not>        
      </preConditions>
	   <addColumn tableName="task_type_master">
	      <column name="active" type="boolean" />
	   </addColumn>
	   <rollback>
        <dropColumn tableName="task_type_master" columnName="active"/>
       </rollback>
   </changeSet>
</databaseChangeLog>
