<?xml version="1.1" encoding="UTF-8" standalone="no"?>
<databaseChangeLog xmlns="http://www.liquibase.org/xml/ns/dbchangelog" xmlns:ext="http://www.liquibase.org/xml/ns/dbchangelog-ext" xmlns:pro="http://www.liquibase.org/xml/ns/pro" xmlns:xsi="http://www.w3.org/2001/XMLSchema-instance" xsi:schemaLocation="http://www.liquibase.org/xml/ns/dbchangelog-ext http://www.liquibase.org/xml/ns/dbchangelog/dbchangelog-ext.xsd http://www.liquibase.org/xml/ns/pro http://www.liquibase.org/xml/ns/pro/liquibase-pro-latest.xsd http://www.liquibase.org/xml/ns/dbchangelog http://www.liquibase.org/xml/ns/dbchangelog/dbchangelog-latest.xsd">
    <changeSet author="pallavisrivastava (generated)" id="1711537638502-1">
    	<preConditions onFail="MARK_RAN">
	        <not>
	            <tableExists tableName="task_type_master"/>
	        </not>
	    </preConditions>
        <createTable tableName="task_type_master">
            <column autoIncrement="true" name="id" type="BIGINT">
                <constraints nullable="false" primaryKey="true" primaryKeyName="task_type_master_pkey"/>
            </column>
            <column name="task_type" type="VARCHAR(255)"/>
        </createTable>
        <rollback>
	        <dropTable tableName="task_type_master"/>
	    </rollback>
    </changeSet>
    <changeSet author="pallavisrivastava (generated)" id="1711537638502-2">
        <preConditions onFail="MARK_RAN">
	        <not>
	            <tableExists tableName="tasks"/>
	        </not>
	    </preConditions>
    
        <createTable tableName="tasks">
            <column autoIncrement="true" name="id" startWith="2" type="BIGINT">
                <constraints nullable="false" primaryKey="true" primaryKeyName="tasks_pkey"/>
            </column>
            <column name="description" type="TEXT"/>
            <column name="title" type="VARCHAR(255)"/>
            <column name="assigned_user_id" type="BIGINT"/>
            <column name="created_at" type="TIMESTAMP WITHOUT TIME ZONE"/>
            <column name="updated_at" type="TIMESTAMP WITHOUT TIME ZONE"/>
            <column name="created_by" type="BIGINT"/>
            <column name="updated_by" type="BIGINT"/>
            <column name="due_date" type="TIMESTAMP WITHOUT TIME ZONE"/>
            <column name="status_id" type="BIGINT"/>
            <column defaultValueNumeric="5" name="priority" type="INTEGER"/>
            <column name="start_date" type="TIMESTAMP WITHOUT TIME ZONE"/>
        </createTable>
         <rollback>
	        <dropTable tableName="tasks"/>
	    </rollback>
    </changeSet>
    <changeSet author="pallavisrivastava (generated)" id="1711537638502-3">
     	<preConditions onFail="MARK_RAN">
	        <not>
	            <tableExists tableName="users"/>
	        </not>
	    </preConditions>
        <createTable tableName="users">
            <column autoIncrement="true" name="id" type="BIGINT">
                <constraints nullable="false" primaryKey="true" primaryKeyName="users_pkey"/>
            </column>
            <column defaultValueBoolean="true" name="active" type="BOOLEAN"/>
            <column name="email" type="VARCHAR(255)"/>
            <column name="first_name" type="VARCHAR(255)"/>
            <column name="last_name" type="VARCHAR(255)"/>
            <column name="created_at" type="TIMESTAMP WITHOUT TIME ZONE"/>
            <column name="updated_at" type="TIMESTAMP WITHOUT TIME ZONE"/>
            <column name="created_by" type="BIGINT"/>
            <column name="updated_by" type="BIGINT"/>
        </createTable>
        <rollback>
	        <dropTable tableName="users"/>
	    </rollback>
    </changeSet>
    <changeSet author="pallavisrivastava (generated)" id="1711537638502-4">
    	<preConditions onFail="MARK_RAN">
	        <not>
	            <tableExists tableName="task_comments"/>
	        </not>
	    </preConditions>
        <createTable tableName="task_comments">
            <column autoIncrement="true" name="id" startWith="7" type="BIGINT">
                <constraints nullable="false" primaryKey="true" primaryKeyName="task_comments_pkey"/>
            </column>
            <column name="created_at" type="TIMESTAMP WITHOUT TIME ZONE"/>
            <column name="updated_at" type="TIMESTAMP WITHOUT TIME ZONE"/>
            <column name="created_by" type="BIGINT"/>
            <column name="updated_by" type="BIGINT"/>
            <column name="comment" type="TEXT"/>
            <column name="task_id" type="BIGINT"/>
            <column defaultValueBoolean="true" name="active" type="BOOLEAN"/>
            <column name="assigned_user_id" type="BIGINT"/>
        </createTable>
        <rollback>
	        <dropTable tableName="task_comments"/>
	    </rollback>
    </changeSet>
    <changeSet author="pallavisrivastava (generated)" id="1711537638502-5">
    	<preConditions onFail="MARK_RAN">
	        <not>
	            <tableExists tableName="task_attachments"/>
	        </not>
	    </preConditions>
        <createTable tableName="task_attachments">
            <column autoIncrement="true" name="id" type="BIGINT">
                <constraints nullable="false" primaryKey="true" primaryKeyName="task_attachments_pkey"/>
            </column>
            <column name="created_at" type="TIMESTAMP WITHOUT TIME ZONE"/>
            <column name="updated_at" type="TIMESTAMP WITHOUT TIME ZONE"/>
            <column name="created_by" type="BIGINT"/>
            <column name="updated_by" type="BIGINT"/>
            <column defaultValueBoolean="true" name="active" type="BOOLEAN"/>
            <column name="filename" type="VARCHAR(255)"/>
            <column name="path" type="VARCHAR(255)"/>
            <column name="task_id" type="BIGINT"/>
        </createTable>
        <rollback>
	        <dropTable tableName="task_attachments"/>
	    </rollback>
    </changeSet>
    <changeSet author="pallavisrivastava (generated)" id="1711537638502-6">
    	<preConditions onFail="MARK_RAN">
	        <not>
	            <tableExists tableName="task_histories"/>
	        </not>
	    </preConditions>
        <createTable tableName="task_histories">
            <column autoIncrement="true" name="id" startWith="12" type="BIGINT">
                <constraints nullable="false" primaryKey="true" primaryKeyName="task_histories_pkey"/>
            </column>
            <column name="created_at" type="TIMESTAMP WITHOUT TIME ZONE"/>
            <column name="updated_at" type="TIMESTAMP WITHOUT TIME ZONE"/>
            <column name="created_by" type="BIGINT"/>
            <column name="updated_by" type="BIGINT"/>
            <column name="assigned_user_id" type="BIGINT"/>
            <column name="status_id" type="BIGINT"/>
            <column name="task_id" type="BIGINT"/>
        </createTable>
         <rollback>
	        <dropTable tableName="task_histories"/>
	    </rollback>
    </changeSet>
    <changeSet author="pallavisrivastava (generated)" id="1711537638502-7">
	    <preConditions onFail="MARK_RAN">
			<not>
				<uniqueConstraintExists constraintName="uk_6dotkott2kjsp8vw4d0m25fb7" tableName="users"/>
			</not>
	    </preConditions>

	    
        <addUniqueConstraint columnNames="email" constraintName="uk_6dotkott2kjsp8vw4d0m25fb7" tableName="users"/>
    </changeSet>
    <changeSet author="pallavisrivastava (generated)" id="1711537638502-8">
    	<preConditions onFail="MARK_RAN">
	        <not>
	            <tableExists tableName="status_master"/>
	        </not>
	    </preConditions>
        <createTable tableName="status_master">
            <column autoIncrement="true" name="id" type="BIGINT">
                <constraints nullable="false" primaryKey="true" primaryKeyName="status_master_pkey"/>
            </column>
            <column name="status" type="VARCHAR(255)"/>
            <column name="alias" type="VARCHAR(255)"/>
        </createTable>
        <rollback>
	        <dropTable tableName="status_master"/>
	    </rollback>
    </changeSet>
    <changeSet author="pallavisrivastava (generated)" id="1711537638502-9">
	    <preConditions onFail="MARK_RAN">
			    <not>
			        <foreignKeyConstraintExists foreignKeyTableName="tasks" foreignKeyName="fk447x172gvsq2ajfbcenhtkhc8"/>
			    </not>
		</preConditions>
        <addForeignKeyConstraint baseColumnNames="assigned_user_id" baseTableName="tasks" constraintName="fk447x172gvsq2ajfbcenhtkhc8" deferrable="false" initiallyDeferred="false" onDelete="NO ACTION" onUpdate="NO ACTION" referencedColumnNames="id" referencedTableName="users" validate="true"/>
    </changeSet>
    <changeSet author="pallavisrivastava (generated)" id="1711537638502-10">
    	<preConditions onFail="MARK_RAN">
			    <not>
			        <foreignKeyConstraintExists foreignKeyTableName="task_attachments" foreignKeyName="fk4eyiisq4wyx2mfj3p9h8ppufo"/>
			    </not>
		</preConditions>
        <addForeignKeyConstraint baseColumnNames="task_id" baseTableName="task_attachments" constraintName="fk4eyiisq4wyx2mfj3p9h8ppufo" deferrable="false" initiallyDeferred="false" onDelete="NO ACTION" onUpdate="NO ACTION" referencedColumnNames="id" referencedTableName="tasks" validate="true"/>
    </changeSet>
    <changeSet author="pallavisrivastava (generated)" id="1711537638502-11">
    	<preConditions onFail="MARK_RAN">
			    <not>
			        <foreignKeyConstraintExists foreignKeyTableName="task_comments" foreignKeyName="fk9517viwn2geh1gpivj6l9y64u"/>
			    </not>
		</preConditions>
        <addForeignKeyConstraint baseColumnNames="task_id" baseTableName="task_comments" constraintName="fk9517viwn2geh1gpivj6l9y64u" deferrable="false" initiallyDeferred="false" onDelete="NO ACTION" onUpdate="NO ACTION" referencedColumnNames="id" referencedTableName="tasks" validate="true"/>
    </changeSet>
    <changeSet author="pallavisrivastava (generated)" id="1711537638502-12">
    	<preConditions onFail="MARK_RAN">
			    <not>
			        <foreignKeyConstraintExists foreignKeyTableName="task_comments" foreignKeyName="fkb64k7geaemil0gyngwogxb986"/>
			    </not>
		</preConditions>
        <addForeignKeyConstraint baseColumnNames="assigned_user_id" baseTableName="task_comments" constraintName="fkb64k7geaemil0gyngwogxb986" deferrable="false" initiallyDeferred="false" onDelete="NO ACTION" onUpdate="NO ACTION" referencedColumnNames="id" referencedTableName="users" validate="true"/>
    </changeSet>
    <changeSet author="pallavisrivastava (generated)" id="1711537638502-13">
    	<preConditions onFail="MARK_RAN">
			    <not>
			        <foreignKeyConstraintExists foreignKeyTableName="task_histories" foreignKeyName="fkfys8x223280mdw9ymu8xi74d0"/>
			    </not>
		</preConditions>
        <addForeignKeyConstraint baseColumnNames="assigned_user_id" baseTableName="task_histories" constraintName="fkfys8x223280mdw9ymu8xi74d0" deferrable="false" initiallyDeferred="false" onDelete="NO ACTION" onUpdate="NO ACTION" referencedColumnNames="id" referencedTableName="users" validate="true"/>
    </changeSet>
    <changeSet author="pallavisrivastava (generated)" id="1711537638502-14">
    	<preConditions onFail="MARK_RAN">
			    <not>
			        <foreignKeyConstraintExists foreignKeyTableName="task_histories" foreignKeyName="fkjv1tkhxopdp4ftibnkovl3h23"/>
			    </not>
		</preConditions>
        <addForeignKeyConstraint baseColumnNames="status_id" baseTableName="task_histories" constraintName="fkjv1tkhxopdp4ftibnkovl3h23" deferrable="false" initiallyDeferred="false" onDelete="NO ACTION" onUpdate="NO ACTION" referencedColumnNames="id" referencedTableName="status_master" validate="true"/>
    </changeSet>
    <changeSet author="pallavisrivastava (generated)" id="1711537638502-15">
    	<preConditions onFail="MARK_RAN">
			    <not>
			        <foreignKeyConstraintExists foreignKeyTableName="task_histories" foreignKeyName="fkmacu1ui1wsdfvrow9y358v5u5"/>
			    </not>
		</preConditions>
        <addForeignKeyConstraint baseColumnNames="task_id" baseTableName="task_histories" constraintName="fkmacu1ui1wsdfvrow9y358v5u5" deferrable="false" initiallyDeferred="false" onDelete="NO ACTION" onUpdate="NO ACTION" referencedColumnNames="id" referencedTableName="tasks" validate="true"/>
    </changeSet>
    <changeSet author="pallavisrivastava (generated)" id="1711537638502-16">
    	<preConditions onFail="MARK_RAN">
			    <not>
			        <foreignKeyConstraintExists foreignKeyTableName="tasks" foreignKeyName="fkpc11v9bjejl7n003ydqcaliot"/>
			    </not>
		</preConditions>
        <addForeignKeyConstraint baseColumnNames="status_id" baseTableName="tasks" constraintName="fkpc11v9bjejl7n003ydqcaliot" deferrable="false" initiallyDeferred="false" onDelete="NO ACTION" onUpdate="NO ACTION" referencedColumnNames="id" referencedTableName="status_master" validate="true"/>
    </changeSet>
</databaseChangeLog>
